alpha,attack_eps,coverage,coverage_certav_abstained,coverage_certified_at_radius,coverage_fake,coverage_real,coverage_uncertified_at_radius,key,mean_set_size,n,n_calibration,qhat,radius,score_type,singleton_rate,source,variant
0.05,,0.9503030303030303,1.0,0.9503030303030303,0.9986666666666667,0.4666666666666667,,alpha_0.050__r_0.00__score_raw,1.0836363636363637,825,825,0.864,0.0,raw,0.9163636363636364,/kaggle/working/phase2/conformal/anisotropic_strat1_seed2026_test_eval.json,clean
0.1,,0.9272727272727272,1.0,0.9272727272727272,0.992,0.28,,alpha_0.100__r_0.00__score_raw,1.0351515151515152,825,825,0.28700000000000003,0.0,raw,0.9648484848484848,/kaggle/working/phase2/conformal/anisotropic_strat1_seed2026_test_eval.json,clean
0.2,,0.9721212121212122,1.0,0.9721212121212122,1.0,0.6933333333333334,,alpha_0.200__r_0.00__score_raw,1.1745454545454546,825,825,0.028000000000000025,0.0,raw,0.8254545454545454,/kaggle/working/phase2/conformal/anisotropic_strat1_seed2026_test_eval.json,clean
0.05,,1.0,1.0,1.0,1.0,1.0,1.0,alpha_0.050__r_0.25__score_raw,2.0,825,825,0.5,0.25,raw,0.0,/kaggle/working/phase2/conformal/anisotropic_strat1_seed2026_test_eval.json,clean
0.1,,0.9272727272727272,1.0,0.9256505576208178,0.992,0.28,1.0,alpha_0.100__r_0.25__score_raw,1.0351515151515152,825,825,0.33304338689749724,0.25,raw,0.9648484848484848,/kaggle/working/phase2/conformal/anisotropic_strat1_seed2026_test_eval.json,clean
0.2,,0.9721212121212122,1.0,0.9714993804213135,1.0,0.6933333333333334,1.0,alpha_0.200__r_0.25__score_raw,1.1745454545454546,825,825,0.048021633141175024,0.25,raw,0.8254545454545454,/kaggle/working/phase2/conformal/anisotropic_strat1_seed2026_test_eval.json,clean
0.05,,1.0,1.0,1.0,1.0,1.0,1.0,alpha_0.050__r_0.50__score_raw,2.0,825,825,0.5,0.5,raw,0.0,/kaggle/working/phase2/conformal/anisotropic_strat1_seed2026_test_eval.json,clean
0.1,,1.0,1.0,1.0,1.0,1.0,1.0,alpha_0.100__r_0.50__score_raw,2.0,825,825,0.5,0.5,raw,0.0,/kaggle/working/phase2/conformal/anisotropic_strat1_seed2026_test_eval.json,clean
0.2,,0.9721212121212122,1.0,0.9709962168978562,1.0,0.6933333333333334,1.0,alpha_0.200__r_0.50__score_raw,1.1745454545454546,825,825,0.048021633141175024,0.5,raw,0.8254545454545454,/kaggle/working/phase2/conformal/anisotropic_strat1_seed2026_test_eval.json,clean
0.05,,1.0,1.0,1.0,1.0,1.0,1.0,alpha_0.050__r_1.00__score_raw,2.0,825,825,0.5,1.0,raw,0.0,/kaggle/working/phase2/conformal/anisotropic_strat1_seed2026_test_eval.json,clean
0.1,,1.0,1.0,1.0,1.0,1.0,1.0,alpha_0.100__r_1.00__score_raw,2.0,825,825,0.5,1.0,raw,0.0,/kaggle/working/phase2/conformal/anisotropic_strat1_seed2026_test_eval.json,clean
0.2,,0.9721212121212122,1.0,0.9694148936170213,1.0,0.6933333333333334,1.0,alpha_0.200__r_1.00__score_raw,1.1745454545454546,825,825,0.048021633141175024,1.0,raw,0.8254545454545454,/kaggle/working/phase2/conformal/anisotropic_strat1_seed2026_test_eval.json,clean
0.05,,0.9503030303030303,1.0,0.9503030303030303,0.9986666666666667,0.4666666666666667,,alpha_0.050__r_0.00__score_cp,1.0836363636363637,825,825,0.8954740484283712,0.0,cp,0.9163636363636364,/kaggle/working/phase2/conformal/anisotropic_strat1_seed2026_test_eval.json,clean
0.1,,0.9272727272727272,1.0,0.9272727272727272,0.992,0.28,,alpha_0.100__r_0.00__score_cp,1.0351515151515152,825,825,0.33304338689749724,0.0,cp,0.9648484848484848,/kaggle/working/phase2/conformal/anisotropic_strat1_seed2026_test_eval.json,clean
0.2,,0.9721212121212122,1.0,0.9721212121212122,1.0,0.6933333333333334,,alpha_0.200__r_0.00__score_cp,1.1745454545454546,825,825,0.048021633141175024,0.0,cp,0.8254545454545454,/kaggle/working/phase2/conformal/anisotropic_strat1_seed2026_test_eval.json,clean
0.05,,1.0,1.0,1.0,1.0,1.0,1.0,alpha_0.050__r_0.25__score_cp,2.0,825,825,0.5,0.25,cp,0.0,/kaggle/working/phase2/conformal/anisotropic_strat1_seed2026_test_eval.json,clean
0.1,,0.9272727272727272,1.0,0.9256505576208178,0.992,0.28,1.0,alpha_0.100__r_0.25__score_cp,1.0351515151515152,825,825,0.33304338689749724,0.25,cp,0.9648484848484848,/kaggle/working/phase2/conformal/anisotropic_strat1_seed2026_test_eval.json,clean
0.2,,0.9721212121212122,1.0,0.9714993804213135,1.0,0.6933333333333334,1.0,alpha_0.200__r_0.25__score_cp,1.1745454545454546,825,825,0.048021633141175024,0.25,cp,0.8254545454545454,/kaggle/working/phase2/conformal/anisotropic_strat1_seed2026_test_eval.json,clean
0.05,,1.0,1.0,1.0,1.0,1.0,1.0,alpha_0.050__r_0.50__score_cp,2.0,825,825,0.5,0.5,cp,0.0,/kaggle/working/phase2/conformal/anisotropic_strat1_seed2026_test_eval.json,clean
0.1,,1.0,1.0,1.0,1.0,1.0,1.0,alpha_0.100__r_0.50__score_cp,2.0,825,825,0.5,0.5,cp,0.0,/kaggle/working/phase2/conformal/anisotropic_strat1_seed2026_test_eval.json,clean
0.2,,0.9721212121212122,1.0,0.9709962168978562,1.0,0.6933333333333334,1.0,alpha_0.200__r_0.50__score_cp,1.1745454545454546,825,825,0.048021633141175024,0.5,cp,0.8254545454545454,/kaggle/working/phase2/conformal/anisotropic_strat1_seed2026_test_eval.json,clean
0.05,,1.0,1.0,1.0,1.0,1.0,1.0,alpha_0.050__r_1.00__score_cp,2.0,825,825,0.5,1.0,cp,0.0,/kaggle/working/phase2/conformal/anisotropic_strat1_seed2026_test_eval.json,clean
0.1,,1.0,1.0,1.0,1.0,1.0,1.0,alpha_0.100__r_1.00__score_cp,2.0,825,825,0.5,1.0,cp,0.0,/kaggle/working/phase2/conformal/anisotropic_strat1_seed2026_test_eval.json,clean
0.2,,0.9721212121212122,1.0,0.9694148936170213,1.0,0.6933333333333334,1.0,alpha_0.200__r_1.00__score_cp,1.1745454545454546,825,825,0.048021633141175024,1.0,cp,0.8254545454545454,/kaggle/working/phase2/conformal/anisotropic_strat1_seed2026_test_eval.json,clean
0.05,,0.9503030303030303,1.0,0.9503030303030303,0.9986666666666667,0.4666666666666667,,alpha_0.050__r_0.00__score_log,1.0836363636363637,825,825,1.995100393246085,0.0,log,0.9163636363636364,/kaggle/working/phase2/conformal/anisotropic_strat1_seed2026_test_eval.json,clean
0.1,,0.9272727272727272,1.0,0.9272727272727272,0.992,0.28,,alpha_0.100__r_0.00__score_log,1.0351515151515152,825,825,0.33827385856784115,0.0,log,0.9648484848484848,/kaggle/working/phase2/conformal/anisotropic_strat1_seed2026_test_eval.json,clean
0.2,,0.9721212121212122,1.0,0.9721212121212122,1.0,0.6933333333333334,,alpha_0.200__r_0.00__score_log,1.1745454545454546,825,825,0.028399474521698,0.0,log,0.8254545454545454,/kaggle/working/phase2/conformal/anisotropic_strat1_seed2026_test_eval.json,clean
0.05,,1.0,1.0,1.0,1.0,1.0,1.0,alpha_0.050__r_0.25__score_log,2.0,825,825,0.6931471805599453,0.25,log,0.0,/kaggle/working/phase2/conformal/anisotropic_strat1_seed2026_test_eval.json,clean
0.1,,0.9272727272727272,1.0,0.9256505576208178,0.992,0.28,1.0,alpha_0.100__r_0.25__score_log,1.0351515151515152,825,825,0.40503028300454935,0.25,log,0.9648484848484848,/kaggle/working/phase2/conformal/anisotropic_strat1_seed2026_test_eval.json,clean
0.2,,0.9721212121212122,1.0,0.9714993804213135,1.0,0.6933333333333334,1.0,alpha_0.200__r_0.25__score_log,1.1745454545454546,825,825,0.04921296833675208,0.25,log,0.8254545454545454,/kaggle/working/phase2/conformal/anisotropic_strat1_seed2026_test_eval.json,clean
0.05,,1.0,1.0,1.0,1.0,1.0,1.0,alpha_0.050__r_0.50__score_log,2.0,825,825,0.6931471805599453,0.5,log,0.0,/kaggle/working/phase2/conformal/anisotropic_strat1_seed2026_test_eval.json,clean
0.1,,1.0,1.0,1.0,1.0,1.0,1.0,alpha_0.100__r_0.50__score_log,2.0,825,825,0.6931471805599453,0.5,log,0.0,/kaggle/working/phase2/conformal/anisotropic_strat1_seed2026_test_eval.json,clean
0.2,,0.9721212121212122,1.0,0.9709962168978562,1.0,0.6933333333333334,1.0,alpha_0.200__r_0.50__score_log,1.1745454545454546,825,825,0.04921296833675208,0.5,log,0.8254545454545454,/kaggle/working/phase2/conformal/anisotropic_strat1_seed2026_test_eval.json,clean
0.05,,1.0,1.0,1.0,1.0,1.0,1.0,alpha_0.050__r_1.00__score_log,2.0,825,825,0.6931471805599453,1.0,log,0.0,/kaggle/working/phase2/conformal/anisotropic_strat1_seed2026_test_eval.json,clean
0.1,,1.0,1.0,1.0,1.0,1.0,1.0,alpha_0.100__r_1.00__score_log,2.0,825,825,0.6931471805599453,1.0,log,0.0,/kaggle/working/phase2/conformal/anisotropic_strat1_seed2026_test_eval.json,clean
0.2,,0.9721212121212122,1.0,0.9694148936170213,1.0,0.6933333333333334,1.0,alpha_0.200__r_1.00__score_log,1.1745454545454546,825,825,0.04921296833675208,1.0,log,0.8254545454545454,/kaggle/working/phase2/conformal/anisotropic_strat1_seed2026_test_eval.json,clean
0.05,0.25,0.936969696969697,1.0,0.936969696969697,0.996,0.3466666666666667,,alpha_0.050__r_0.00__score_raw,1.0981818181818181,825,825,0.864,0.0,raw,0.9018181818181819,/kaggle/working/phase2/conformal/anisotropic_strat1_seed2026_test_eval.json,pgd_eps_0.25
0.1,0.25,0.9187878787878788,1.0,0.9187878787878788,0.9893333333333333,0.21333333333333335,,alpha_0.100__r_0.00__score_raw,1.0387878787878788,825,825,0.28700000000000003,0.0,raw,0.9612121212121212,/kaggle/working/phase2/conformal/anisotropic_strat1_seed2026_test_eval.json,pgd_eps_0.25
0.2,0.25,0.9648484848484848,1.0,0.9648484848484848,1.0,0.6133333333333333,,alpha_0.200__r_0.00__score_raw,1.2012121212121212,825,825,0.028000000000000025,0.0,raw,0.7987878787878788,/kaggle/working/phase2/conformal/anisotropic_strat1_seed2026_test_eval.json,pgd_eps_0.25
0.05,0.25,1.0,1.0,1.0,1.0,1.0,1.0,alpha_0.050__r_0.25__score_raw,2.0,825,825,0.5,0.25,raw,0.0,/kaggle/working/phase2/conformal/anisotropic_strat1_seed2026_test_eval.json,pgd_eps_0.25
0.1,0.25,0.9187878787878788,1.0,0.9166666666666666,0.9893333333333333,0.21333333333333335,1.0,alpha_0.100__r_0.25__score_raw,1.0387878787878788,825,825,0.33304338689749724,0.25,raw,0.9612121212121212,/kaggle/working/phase2/conformal/anisotropic_strat1_seed2026_test_eval.json,pgd_eps_0.25
0.2,0.25,0.9648484848484848,1.0,0.9639303482587065,1.0,0.6133333333333333,1.0,alpha_0.200__r_0.25__score_raw,1.2012121212121212,825,825,0.048021633141175024,0.25,raw,0.7987878787878788,/kaggle/working/phase2/conformal/anisotropic_strat1_seed2026_test_eval.json,pgd_eps_0.25
0.05,0.25,1.0,1.0,1.0,1.0,1.0,1.0,alpha_0.050__r_0.50__score_raw,2.0,825,825,0.5,0.5,raw,0.0,/kaggle/working/phase2/conformal/anisotropic_strat1_seed2026_test_eval.json,pgd_eps_0.25
0.1,0.25,1.0,1.0,1.0,1.0,1.0,1.0,alpha_0.100__r_0.50__score_raw,2.0,825,825,0.5,0.5,raw,0.0,/kaggle/working/phase2/conformal/anisotropic_strat1_seed2026_test_eval.json,pgd_eps_0.25
0.2,0.25,0.9648484848484848,1.0,0.9631979695431472,1.0,0.6133333333333333,1.0,alpha_0.200__r_0.50__score_raw,1.2012121212121212,825,825,0.048021633141175024,0.5,raw,0.7987878787878788,/kaggle/working/phase2/conformal/anisotropic_strat1_seed2026_test_eval.json,pgd_eps_0.25
0.05,0.25,1.0,1.0,1.0,1.0,1.0,1.0,alpha_0.050__r_1.00__score_raw,2.0,825,825,0.5,1.0,raw,0.0,/kaggle/working/phase2/conformal/anisotropic_strat1_seed2026_test_eval.json,pgd_eps_0.25
0.1,0.25,1.0,1.0,1.0,1.0,1.0,1.0,alpha_0.100__r_1.00__score_raw,2.0,825,825,0.5,1.0,raw,0.0,/kaggle/working/phase2/conformal/anisotropic_strat1_seed2026_test_eval.json,pgd_eps_0.25
0.2,0.25,0.9648484848484848,1.0,0.9605978260869565,1.0,0.6133333333333333,1.0,alpha_0.200__r_1.00__score_raw,1.2012121212121212,825,825,0.048021633141175024,1.0,raw,0.7987878787878788,/kaggle/working/phase2/conformal/anisotropic_strat1_seed2026_test_eval.json,pgd_eps_0.25
0.05,0.25,0.936969696969697,1.0,0.936969696969697,0.996,0.3466666666666667,,alpha_0.050__r_0.00__score_cp,1.0981818181818181,825,825,0.8954740484283712,0.0,cp,0.9018181818181819,/kaggle/working/phase2/conformal/anisotropic_strat1_seed2026_test_eval.json,pgd_eps_0.25
0.1,0.25,0.9187878787878788,1.0,0.9187878787878788,0.9893333333333333,0.21333333333333335,,alpha_0.100__r_0.00__score_cp,1.0387878787878788,825,825,0.33304338689749724,0.0,cp,0.9612121212121212,/kaggle/working/phase2/conformal/anisotropic_strat1_seed2026_test_eval.json,pgd_eps_0.25
0.2,0.25,0.9648484848484848,1.0,0.9648484848484848,1.0,0.6133333333333333,,alpha_0.200__r_0.00__score_cp,1.2012121212121212,825,825,0.048021633141175024,0.0,cp,0.7987878787878788,/kaggle/working/phase2/conformal/anisotropic_strat1_seed2026_test_eval.json,pgd_eps_0.25
0.05,0.25,1.0,1.0,1.0,1.0,1.0,1.0,alpha_0.050__r_0.25__score_cp,2.0,825,825,0.5,0.25,cp,0.0,/kaggle/working/phase2/conformal/anisotropic_strat1_seed2026_test_eval.json,pgd_eps_0.25
0.1,0.25,0.9187878787878788,1.0,0.9166666666666666,0.9893333333333333,0.21333333333333335,1.0,alpha_0.100__r_0.25__score_cp,1.0387878787878788,825,825,0.33304338689749724,0.25,cp,0.9612121212121212,/kaggle/working/phase2/conformal/anisotropic_strat1_seed2026_test_eval.json,pgd_eps_0.25
0.2,0.25,0.9648484848484848,1.0,0.9639303482587065,1.0,0.6133333333333333,1.0,alpha_0.200__r_0.25__score_cp,1.2012121212121212,825,825,0.048021633141175024,0.25,cp,0.7987878787878788,/kaggle/working/phase2/conformal/anisotropic_strat1_seed2026_test_eval.json,pgd_eps_0.25
0.05,0.25,1.0,1.0,1.0,1.0,1.0,1.0,alpha_0.050__r_0.50__score_cp,2.0,825,825,0.5,0.5,cp,0.0,/kaggle/working/phase2/conformal/anisotropic_strat1_seed2026_test_eval.json,pgd_eps_0.25
0.1,0.25,1.0,1.0,1.0,1.0,1.0,1.0,alpha_0.100__r_0.50__score_cp,2.0,825,825,0.5,0.5,cp,0.0,/kaggle/working/phase2/conformal/anisotropic_strat1_seed2026_test_eval.json,pgd_eps_0.25
0.2,0.25,0.9648484848484848,1.0,0.9631979695431472,1.0,0.6133333333333333,1.0,alpha_0.200__r_0.50__score_cp,1.2012121212121212,825,825,0.048021633141175024,0.5,cp,0.7987878787878788,/kaggle/working/phase2/conformal/anisotropic_strat1_seed2026_test_eval.json,pgd_eps_0.25
0.05,0.25,1.0,1.0,1.0,1.0,1.0,1.0,alpha_0.050__r_1.00__score_cp,2.0,825,825,0.5,1.0,cp,0.0,/kaggle/working/phase2/conformal/anisotropic_strat1_seed2026_test_eval.json,pgd_eps_0.25
0.1,0.25,1.0,1.0,1.0,1.0,1.0,1.0,alpha_0.100__r_1.00__score_cp,2.0,825,825,0.5,1.0,cp,0.0,/kaggle/working/phase2/conformal/anisotropic_strat1_seed2026_test_eval.json,pgd_eps_0.25
0.2,0.25,0.9648484848484848,1.0,0.9605978260869565,1.0,0.6133333333333333,1.0,alpha_0.200__r_1.00__score_cp,1.2012121212121212,825,825,0.048021633141175024,1.0,cp,0.7987878787878788,/kaggle/working/phase2/conformal/anisotropic_strat1_seed2026_test_eval.json,pgd_eps_0.25
0.05,0.25,0.936969696969697,1.0,0.936969696969697,0.996,0.3466666666666667,,alpha_0.050__r_0.00__score_log,1.0981818181818181,825,825,1.995100393246085,0.0,log,0.9018181818181819,/kaggle/working/phase2/conformal/anisotropic_strat1_seed2026_test_eval.json,pgd_eps_0.25
0.1,0.25,0.9187878787878788,1.0,0.9187878787878788,0.9893333333333333,0.21333333333333335,,alpha_0.100__r_0.00__score_log,1.0387878787878788,825,825,0.33827385856784115,0.0,log,0.9612121212121212,/kaggle/working/phase2/conformal/anisotropic_strat1_seed2026_test_eval.json,pgd_eps_0.25
0.2,0.25,0.9648484848484848,1.0,0.9648484848484848,1.0,0.6133333333333333,,alpha_0.200__r_0.00__score_log,1.2012121212121212,825,825,0.028399474521698,0.0,log,0.7987878787878788,/kaggle/working/phase2/conformal/anisotropic_strat1_seed2026_test_eval.json,pgd_eps_0.25
0.05,0.25,1.0,1.0,1.0,1.0,1.0,1.0,alpha_0.050__r_0.25__score_log,2.0,825,825,0.6931471805599453,0.25,log,0.0,/kaggle/working/phase2/conformal/anisotropic_strat1_seed2026_test_eval.json,pgd_eps_0.25
0.1,0.25,0.9187878787878788,1.0,0.9166666666666666,0.9893333333333333,0.21333333333333335,1.0,alpha_0.100__r_0.25__score_log,1.0387878787878788,825,825,0.40503028300454935,0.25,log,0.9612121212121212,/kaggle/working/phase2/conformal/anisotropic_strat1_seed2026_test_eval.json,pgd_eps_0.25
0.2,0.25,0.9648484848484848,1.0,0.9639303482587065,1.0,0.6133333333333333,1.0,alpha_0.200__r_0.25__score_log,1.2012121212121212,825,825,0.04921296833675208,0.25,log,0.7987878787878788,/kaggle/working/phase2/conformal/anisotropic_strat1_seed2026_test_eval.json,pgd_eps_0.25
0.05,0.25,1.0,1.0,1.0,1.0,1.0,1.0,alpha_0.050__r_0.50__score_log,2.0,825,825,0.6931471805599453,0.5,log,0.0,/kaggle/working/phase2/conformal/anisotropic_strat1_seed2026_test_eval.json,pgd_eps_0.25
0.1,0.25,1.0,1.0,1.0,1.0,1.0,1.0,alpha_0.100__r_0.50__score_log,2.0,825,825,0.6931471805599453,0.5,log,0.0,/kaggle/working/phase2/conformal/anisotropic_strat1_seed2026_test_eval.json,pgd_eps_0.25
0.2,0.25,0.9648484848484848,1.0,0.9631979695431472,1.0,0.6133333333333333,1.0,alpha_0.200__r_0.50__score_log,1.2012121212121212,825,825,0.04921296833675208,0.5,log,0.7987878787878788,/kaggle/working/phase2/conformal/anisotropic_strat1_seed2026_test_eval.json,pgd_eps_0.25
0.05,0.25,1.0,1.0,1.0,1.0,1.0,1.0,alpha_0.050__r_1.00__score_log,2.0,825,825,0.6931471805599453,1.0,log,0.0,/kaggle/working/phase2/conformal/anisotropic_strat1_seed2026_test_eval.json,pgd_eps_0.25
0.1,0.25,1.0,1.0,1.0,1.0,1.0,1.0,alpha_0.100__r_1.00__score_log,2.0,825,825,0.6931471805599453,1.0,log,0.0,/kaggle/working/phase2/conformal/anisotropic_strat1_seed2026_test_eval.json,pgd_eps_0.25
0.2,0.25,0.9648484848484848,1.0,0.9605978260869565,1.0,0.6133333333333333,1.0,alpha_0.200__r_1.00__score_log,1.2012121212121212,825,825,0.04921296833675208,1.0,log,0.7987878787878788,/kaggle/working/phase2/conformal/anisotropic_strat1_seed2026_test_eval.json,pgd_eps_0.25
0.05,0.5,0.9296969696969697,1.0,0.9296969696969697,0.9946666666666667,0.28,,alpha_0.050__r_0.00__score_raw,1.1066666666666667,825,825,0.864,0.0,raw,0.8933333333333333,/kaggle/working/phase2/conformal/anisotropic_strat1_seed2026_test_eval.json,pgd_eps_0.50
0.1,0.5,0.9103030303030303,1.0,0.9103030303030303,0.988,0.13333333333333333,,alpha_0.100__r_0.00__score_raw,1.052121212121212,825,825,0.28700000000000003,0.0,raw,0.9478787878787879,/kaggle/working/phase2/conformal/anisotropic_strat1_seed2026_test_eval.json,pgd_eps_0.50
0.2,0.5,0.9527272727272728,1.0,0.9527272727272728,1.0,0.48,,alpha_0.200__r_0.00__score_raw,1.2327272727272727,825,825,0.028000000000000025,0.0,raw,0.7672727272727272,/kaggle/working/phase2/conformal/anisotropic_strat1_seed2026_test_eval.json,pgd_eps_0.50
0.05,0.5,1.0,1.0,1.0,1.0,1.0,1.0,alpha_0.050__r_0.25__score_raw,2.0,825,825,0.5,0.25,raw,0.0,/kaggle/working/phase2/conformal/anisotropic_strat1_seed2026_test_eval.json,pgd_eps_0.50
0.1,0.5,0.9103030303030303,1.0,0.9066834804539723,0.988,0.13333333333333333,1.0,alpha_0.100__r_0.25__score_raw,1.052121212121212,825,825,0.33304338689749724,0.25,raw,0.9478787878787879,/kaggle/working/phase2/conformal/anisotropic_strat1_seed2026_test_eval.json,pgd_eps_0.50
0.2,0.5,0.9527272727272728,1.0,0.9508196721311475,1.0,0.48,1.0,alpha_0.200__r_0.25__score_raw,1.2327272727272727,825,825,0.048021633141175024,0.25,raw,0.7672727272727272,/kaggle/working/phase2/conformal/anisotropic_strat1_seed2026_test_eval.json,pgd_eps_0.50
0.05,0.5,1.0,1.0,1.0,1.0,1.0,1.0,alpha_0.050__r_0.50__score_raw,2.0,825,825,0.5,0.5,raw,0.0,/kaggle/working/phase2/conformal/anisotropic_strat1_seed2026_test_eval.json,pgd_eps_0.50
0.1,0.5,1.0,1.0,1.0,1.0,1.0,1.0,alpha_0.100__r_0.50__score_raw,2.0,825,825,0.5,0.5,raw,0.0,/kaggle/working/phase2/conformal/anisotropic_strat1_seed2026_test_eval.json,pgd_eps_0.50
0.2,0.5,0.9527272727272728,1.0,0.9499358151476252,1.0,0.48,1.0,alpha_0.200__r_0.50__score_raw,1.2327272727272727,825,825,0.048021633141175024,0.5,raw,0.7672727272727272,/kaggle/working/phase2/conformal/anisotropic_strat1_seed2026_test_eval.json,pgd_eps_0.50
0.05,0.5,1.0,1.0,1.0,1.0,1.0,1.0,alpha_0.050__r_1.00__score_raw,2.0,825,825,0.5,1.0,raw,0.0,/kaggle/working/phase2/conformal/anisotropic_strat1_seed2026_test_eval.json,pgd_eps_0.50
0.1,0.5,1.0,1.0,1.0,1.0,1.0,1.0,alpha_0.100__r_1.00__score_raw,2.0,825,825,0.5,1.0,raw,0.0,/kaggle/working/phase2/conformal/anisotropic_strat1_seed2026_test_eval.json,pgd_eps_0.50
0.2,0.5,0.9527272727272728,1.0,0.9467213114754098,1.0,0.48,1.0,alpha_0.200__r_1.00__score_raw,1.2327272727272727,825,825,0.048021633141175024,1.0,raw,0.7672727272727272,/kaggle/working/phase2/conformal/anisotropic_strat1_seed2026_test_eval.json,pgd_eps_0.50
0.05,0.5,0.9296969696969697,1.0,0.9296969696969697,0.9946666666666667,0.28,,alpha_0.050__r_0.00__score_cp,1.1066666666666667,825,825,0.8954740484283712,0.0,cp,0.8933333333333333,/kaggle/working/phase2/conformal/anisotropic_strat1_seed2026_test_eval.json,pgd_eps_0.50
0.1,0.5,0.9103030303030303,1.0,0.9103030303030303,0.988,0.13333333333333333,,alpha_0.100__r_0.00__score_cp,1.052121212121212,825,825,0.33304338689749724,0.0,cp,0.9478787878787879,/kaggle/working/phase2/conformal/anisotropic_strat1_seed2026_test_eval.json,pgd_eps_0.50
0.2,0.5,0.9527272727272728,1.0,0.9527272727272728,1.0,0.48,,alpha_0.200__r_0.00__score_cp,1.2327272727272727,825,825,0.048021633141175024,0.0,cp,0.7672727272727272,/kaggle/working/phase2/conformal/anisotropic_strat1_seed2026_test_eval.json,pgd_eps_0.50
0.05,0.5,1.0,1.0,1.0,1.0,1.0,1.0,alpha_0.050__r_0.25__score_cp,2.0,825,825,0.5,0.25,cp,0.0,/kaggle/working/phase2/conformal/anisotropic_strat1_seed2026_test_eval.json,pgd_eps_0.50
0.1,0.5,0.9103030303030303,1.0,0.9066834804539723,0.988,0.13333333333333333,1.0,alpha_0.100__r_0.25__score_cp,1.052121212121212,825,825,0.33304338689749724,0.25,cp,0.9478787878787879,/kaggle/working/phase2/conformal/anisotropic_strat1_seed2026_test_eval.json,pgd_eps_0.50
0.2,0.5,0.9527272727272728,1.0,0.9508196721311475,1.0,0.48,1.0,alpha_0.200__r_0.25__score_cp,1.2327272727272727,825,825,0.048021633141175024,0.25,cp,0.7672727272727272,/kaggle/working/phase2/conformal/anisotropic_strat1_seed2026_test_eval.json,pgd_eps_0.50
0.05,0.5,1.0,1.0,1.0,1.0,1.0,1.0,alpha_0.050__r_0.50__score_cp,2.0,825,825,0.5,0.5,cp,0.0,/kaggle/working/phase2/conformal/anisotropic_strat1_seed2026_test_eval.json,pgd_eps_0.50
0.1,0.5,1.0,1.0,1.0,1.0,1.0,1.0,alpha_0.100__r_0.50__score_cp,2.0,825,825,0.5,0.5,cp,0.0,/kaggle/working/phase2/conformal/anisotropic_strat1_seed2026_test_eval.json,pgd_eps_0.50
0.2,0.5,0.9527272727272728,1.0,0.9499358151476252,1.0,0.48,1.0,alpha_0.200__r_0.50__score_cp,1.2327272727272727,825,825,0.048021633141175024,0.5,cp,0.7672727272727272,/kaggle/working/phase2/conformal/anisotropic_strat1_seed2026_test_eval.json,pgd_eps_0.50
0.05,0.5,1.0,1.0,1.0,1.0,1.0,1.0,alpha_0.050__r_1.00__score_cp,2.0,825,825,0.5,1.0,cp,0.0,/kaggle/working/phase2/conformal/anisotropic_strat1_seed2026_test_eval.json,pgd_eps_0.50
0.1,0.5,1.0,1.0,1.0,1.0,1.0,1.0,alpha_0.100__r_1.00__score_cp,2.0,825,825,0.5,1.0,cp,0.0,/kaggle/working/phase2/conformal/anisotropic_strat1_seed2026_test_eval.json,pgd_eps_0.50
0.2,0.5,0.9527272727272728,1.0,0.9467213114754098,1.0,0.48,1.0,alpha_0.200__r_1.00__score_cp,1.2327272727272727,825,825,0.048021633141175024,1.0,cp,0.7672727272727272,/kaggle/working/phase2/conformal/anisotropic_strat1_seed2026_test_eval.json,pgd_eps_0.50
0.05,0.5,0.9296969696969697,1.0,0.9296969696969697,0.9946666666666667,0.28,,alpha_0.050__r_0.00__score_log,1.1066666666666667,825,825,1.995100393246085,0.0,log,0.8933333333333333,/kaggle/working/phase2/conformal/anisotropic_strat1_seed2026_test_eval.json,pgd_eps_0.50
0.1,0.5,0.9103030303030303,1.0,0.9103030303030303,0.988,0.13333333333333333,,alpha_0.100__r_0.00__score_log,1.052121212121212,825,825,0.33827385856784115,0.0,log,0.9478787878787879,/kaggle/working/phase2/conformal/anisotropic_strat1_seed2026_test_eval.json,pgd_eps_0.50
0.2,0.5,0.9527272727272728,1.0,0.9527272727272728,1.0,0.48,,alpha_0.200__r_0.00__score_log,1.2327272727272727,825,825,0.028399474521698,0.0,log,0.7672727272727272,/kaggle/working/phase2/conformal/anisotropic_strat1_seed2026_test_eval.json,pgd_eps_0.50
0.05,0.5,1.0,1.0,1.0,1.0,1.0,1.0,alpha_0.050__r_0.25__score_log,2.0,825,825,0.6931471805599453,0.25,log,0.0,/kaggle/working/phase2/conformal/anisotropic_strat1_seed2026_test_eval.json,pgd_eps_0.50
0.1,0.5,0.9103030303030303,1.0,0.9066834804539723,0.988,0.13333333333333333,1.0,alpha_0.100__r_0.25__score_log,1.052121212121212,825,825,0.40503028300454935,0.25,log,0.9478787878787879,/kaggle/working/phase2/conformal/anisotropic_strat1_seed2026_test_eval.json,pgd_eps_0.50
0.2,0.5,0.9527272727272728,1.0,0.9508196721311475,1.0,0.48,1.0,alpha_0.200__r_0.25__score_log,1.2327272727272727,825,825,0.04921296833675208,0.25,log,0.7672727272727272,/kaggle/working/phase2/conformal/anisotropic_strat1_seed2026_test_eval.json,pgd_eps_0.50
0.05,0.5,1.0,1.0,1.0,1.0,1.0,1.0,alpha_0.050__r_0.50__score_log,2.0,825,825,0.6931471805599453,0.5,log,0.0,/kaggle/working/phase2/conformal/anisotropic_strat1_seed2026_test_eval.json,pgd_eps_0.50
0.1,0.5,1.0,1.0,1.0,1.0,1.0,1.0,alpha_0.100__r_0.50__score_log,2.0,825,825,0.6931471805599453,0.5,log,0.0,/kaggle/working/phase2/conformal/anisotropic_strat1_seed2026_test_eval.json,pgd_eps_0.50
0.2,0.5,0.9527272727272728,1.0,0.9499358151476252,1.0,0.48,1.0,alpha_0.200__r_0.50__score_log,1.2327272727272727,825,825,0.04921296833675208,0.5,log,0.7672727272727272,/kaggle/working/phase2/conformal/anisotropic_strat1_seed2026_test_eval.json,pgd_eps_0.50
0.05,0.5,1.0,1.0,1.0,1.0,1.0,1.0,alpha_0.050__r_1.00__score_log,2.0,825,825,0.6931471805599453,1.0,log,0.0,/kaggle/working/phase2/conformal/anisotropic_strat1_seed2026_test_eval.json,pgd_eps_0.50
0.1,0.5,1.0,1.0,1.0,1.0,1.0,1.0,alpha_0.100__r_1.00__score_log,2.0,825,825,0.6931471805599453,1.0,log,0.0,/kaggle/working/phase2/conformal/anisotropic_strat1_seed2026_test_eval.json,pgd_eps_0.50
0.2,0.5,0.9527272727272728,1.0,0.9467213114754098,1.0,0.48,1.0,alpha_0.200__r_1.00__score_log,1.2327272727272727,825,825,0.04921296833675208,1.0,log,0.7672727272727272,/kaggle/working/phase2/conformal/anisotropic_strat1_seed2026_test_eval.json,pgd_eps_0.50
0.05,1.0,0.9115151515151515,1.0,0.9115151515151515,0.988,0.14666666666666667,,alpha_0.050__r_0.00__score_raw,1.143030303030303,825,825,0.864,0.0,raw,0.8569696969696969,/kaggle/working/phase2/conformal/anisotropic_strat1_seed2026_test_eval.json,pgd_eps_1.00
0.1,1.0,0.8957575757575758,1.0,0.8957575757575758,0.9826666666666667,0.02666666666666667,,alpha_0.100__r_0.00__score_raw,1.0666666666666667,825,825,0.28700000000000003,0.0,raw,0.9333333333333333,/kaggle/working/phase2/conformal/anisotropic_strat1_seed2026_test_eval.json,pgd_eps_1.00
0.2,1.0,0.9381818181818182,1.0,0.9381818181818182,1.0,0.32,,alpha_0.200__r_0.00__score_raw,1.3042424242424242,825,825,0.028000000000000025,0.0,raw,0.6957575757575758,/kaggle/working/phase2/conformal/anisotropic_strat1_seed2026_test_eval.json,pgd_eps_1.00
0.05,1.0,1.0,1.0,1.0,1.0,1.0,1.0,alpha_0.050__r_0.25__score_raw,2.0,825,825,0.5,0.25,raw,0.0,/kaggle/working/phase2/conformal/anisotropic_strat1_seed2026_test_eval.json,pgd_eps_1.00
0.1,1.0,0.8957575757575758,1.0,0.8905852417302799,0.9826666666666667,0.02666666666666667,1.0,alpha_0.100__r_0.25__score_raw,1.0666666666666667,825,825,0.33304338689749724,0.25,raw,0.9333333333333333,/kaggle/working/phase2/conformal/anisotropic_strat1_seed2026_test_eval.json,pgd_eps_1.00
0.2,1.0,0.9381818181818182,1.0,0.9351145038167938,1.0,0.32,1.0,alpha_0.200__r_0.25__score_raw,1.3042424242424242,825,825,0.048021633141175024,0.25,raw,0.6957575757575758,/kaggle/working/phase2/conformal/anisotropic_strat1_seed2026_test_eval.json,pgd_eps_1.00
0.05,1.0,1.0,1.0,1.0,1.0,1.0,1.0,alpha_0.050__r_0.50__score_raw,2.0,825,825,0.5,0.5,raw,0.0,/kaggle/working/phase2/conformal/anisotropic_strat1_seed2026_test_eval.json,pgd_eps_1.00
0.1,1.0,1.0,1.0,1.0,1.0,1.0,1.0,alpha_0.100__r_0.50__score_raw,2.0,825,825,0.5,0.5,raw,0.0,/kaggle/working/phase2/conformal/anisotropic_strat1_seed2026_test_eval.json,pgd_eps_1.00
0.2,1.0,0.9381818181818182,1.0,0.9333333333333333,1.0,0.32,1.0,alpha_0.200__r_0.50__score_raw,1.3042424242424242,825,825,0.048021633141175024,0.5,raw,0.6957575757575758,/kaggle/working/phase2/conformal/anisotropic_strat1_seed2026_test_eval.json,pgd_eps_1.00
0.05,1.0,1.0,1.0,1.0,1.0,1.0,1.0,alpha_0.050__r_1.00__score_raw,2.0,825,825,0.5,1.0,raw,0.0,/kaggle/working/phase2/conformal/anisotropic_strat1_seed2026_test_eval.json,pgd_eps_1.00
0.1,1.0,1.0,1.0,1.0,1.0,1.0,1.0,alpha_0.100__r_1.00__score_raw,2.0,825,825,0.5,1.0,raw,0.0,/kaggle/working/phase2/conformal/anisotropic_strat1_seed2026_test_eval.json,pgd_eps_1.00
0.2,1.0,0.9381818181818182,1.0,0.927246790299572,1.0,0.32,1.0,alpha_0.200__r_1.00__score_raw,1.3042424242424242,825,825,0.048021633141175024,1.0,raw,0.6957575757575758,/kaggle/working/phase2/conformal/anisotropic_strat1_seed2026_test_eval.json,pgd_eps_1.00
0.05,1.0,0.9115151515151515,1.0,0.9115151515151515,0.988,0.14666666666666667,,alpha_0.050__r_0.00__score_cp,1.143030303030303,825,825,0.8954740484283712,0.0,cp,0.8569696969696969,/kaggle/working/phase2/conformal/anisotropic_strat1_seed2026_test_eval.json,pgd_eps_1.00
0.1,1.0,0.8957575757575758,1.0,0.8957575757575758,0.9826666666666667,0.02666666666666667,,alpha_0.100__r_0.00__score_cp,1.0666666666666667,825,825,0.33304338689749724,0.0,cp,0.9333333333333333,/kaggle/working/phase2/conformal/anisotropic_strat1_seed2026_test_eval.json,pgd_eps_1.00
0.2,1.0,0.9381818181818182,1.0,0.9381818181818182,1.0,0.32,,alpha_0.200__r_0.00__score_cp,1.3042424242424242,825,825,0.048021633141175024,0.0,cp,0.6957575757575758,/kaggle/working/phase2/conformal/anisotropic_strat1_seed2026_test_eval.json,pgd_eps_1.00
0.05,1.0,1.0,1.0,1.0,1.0,1.0,1.0,alpha_0.050__r_0.25__score_cp,2.0,825,825,0.5,0.25,cp,0.0,/kaggle/working/phase2/conformal/anisotropic_strat1_seed2026_test_eval.json,pgd_eps_1.00
0.1,1.0,0.8957575757575758,1.0,0.8905852417302799,0.9826666666666667,0.02666666666666667,1.0,alpha_0.100__r_0.25__score_cp,1.0666666666666667,825,825,0.33304338689749724,0.25,cp,0.9333333333333333,/kaggle/working/phase2/conformal/anisotropic_strat1_seed2026_test_eval.json,pgd_eps_1.00
0.2,1.0,0.9381818181818182,1.0,0.9351145038167938,1.0,0.32,1.0,alpha_0.200__r_0.25__score_cp,1.3042424242424242,825,825,0.048021633141175024,0.25,cp,0.6957575757575758,/kaggle/working/phase2/conformal/anisotropic_strat1_seed2026_test_eval.json,pgd_eps_1.00
0.05,1.0,1.0,1.0,1.0,1.0,1.0,1.0,alpha_0.050__r_0.50__score_cp,2.0,825,825,0.5,0.5,cp,0.0,/kaggle/working/phase2/conformal/anisotropic_strat1_seed2026_test_eval.json,pgd_eps_1.00
0.1,1.0,1.0,1.0,1.0,1.0,1.0,1.0,alpha_0.100__r_0.50__score_cp,2.0,825,825,0.5,0.5,cp,0.0,/kaggle/working/phase2/conformal/anisotropic_strat1_seed2026_test_eval.json,pgd_eps_1.00
0.2,1.0,0.9381818181818182,1.0,0.9333333333333333,1.0,0.32,1.0,alpha_0.200__r_0.50__score_cp,1.3042424242424242,825,825,0.048021633141175024,0.5,cp,0.6957575757575758,/kaggle/working/phase2/conformal/anisotropic_strat1_seed2026_test_eval.json,pgd_eps_1.00
0.05,1.0,1.0,1.0,1.0,1.0,1.0,1.0,alpha_0.050__r_1.00__score_cp,2.0,825,825,0.5,1.0,cp,0.0,/kaggle/working/phase2/conformal/anisotropic_strat1_seed2026_test_eval.json,pgd_eps_1.00
0.1,1.0,1.0,1.0,1.0,1.0,1.0,1.0,alpha_0.100__r_1.00__score_cp,2.0,825,825,0.5,1.0,cp,0.0,/kaggle/working/phase2/conformal/anisotropic_strat1_seed2026_test_eval.json,pgd_eps_1.00
0.2,1.0,0.9381818181818182,1.0,0.927246790299572,1.0,0.32,1.0,alpha_0.200__r_1.00__score_cp,1.3042424242424242,825,825,0.048021633141175024,1.0,cp,0.6957575757575758,/kaggle/working/phase2/conformal/anisotropic_strat1_seed2026_test_eval.json,pgd_eps_1.00
0.05,1.0,0.9115151515151515,1.0,0.9115151515151515,0.988,0.14666666666666667,,alpha_0.050__r_0.00__score_log,1.143030303030303,825,825,1.995100393246085,0.0,log,0.8569696969696969,/kaggle/working/phase2/conformal/anisotropic_strat1_seed2026_test_eval.json,pgd_eps_1.00
0.1,1.0,0.8957575757575758,1.0,0.8957575757575758,0.9826666666666667,0.02666666666666667,,alpha_0.100__r_0.00__score_log,1.0666666666666667,825,825,0.33827385856784115,0.0,log,0.9333333333333333,/kaggle/working/phase2/conformal/anisotropic_strat1_seed2026_test_eval.json,pgd_eps_1.00
0.2,1.0,0.9381818181818182,1.0,0.9381818181818182,1.0,0.32,,alpha_0.200__r_0.00__score_log,1.3042424242424242,825,825,0.028399474521698,0.0,log,0.6957575757575758,/kaggle/working/phase2/conformal/anisotropic_strat1_seed2026_test_eval.json,pgd_eps_1.00
0.05,1.0,1.0,1.0,1.0,1.0,1.0,1.0,alpha_0.050__r_0.25__score_log,2.0,825,825,0.6931471805599453,0.25,log,0.0,/kaggle/working/phase2/conformal/anisotropic_strat1_seed2026_test_eval.json,pgd_eps_1.00
0.1,1.0,0.8957575757575758,1.0,0.8905852417302799,0.9826666666666667,0.02666666666666667,1.0,alpha_0.100__r_0.25__score_log,1.0666666666666667,825,825,0.40503028300454935,0.25,log,0.9333333333333333,/kaggle/working/phase2/conformal/anisotropic_strat1_seed2026_test_eval.json,pgd_eps_1.00
0.2,1.0,0.9381818181818182,1.0,0.9351145038167938,1.0,0.32,1.0,alpha_0.200__r_0.25__score_log,1.3042424242424242,825,825,0.04921296833675208,0.25,log,0.6957575757575758,/kaggle/working/phase2/conformal/anisotropic_strat1_seed2026_test_eval.json,pgd_eps_1.00
0.05,1.0,1.0,1.0,1.0,1.0,1.0,1.0,alpha_0.050__r_0.50__score_log,2.0,825,825,0.6931471805599453,0.5,log,0.0,/kaggle/working/phase2/conformal/anisotropic_strat1_seed2026_test_eval.json,pgd_eps_1.00
0.1,1.0,1.0,1.0,1.0,1.0,1.0,1.0,alpha_0.100__r_0.50__score_log,2.0,825,825,0.6931471805599453,0.5,log,0.0,/kaggle/working/phase2/conformal/anisotropic_strat1_seed2026_test_eval.json,pgd_eps_1.00
0.2,1.0,0.9381818181818182,1.0,0.9333333333333333,1.0,0.32,1.0,alpha_0.200__r_0.50__score_log,1.3042424242424242,825,825,0.04921296833675208,0.5,log,0.6957575757575758,/kaggle/working/phase2/conformal/anisotropic_strat1_seed2026_test_eval.json,pgd_eps_1.00
0.05,1.0,1.0,1.0,1.0,1.0,1.0,1.0,alpha_0.050__r_1.00__score_log,2.0,825,825,0.6931471805599453,1.0,log,0.0,/kaggle/working/phase2/conformal/anisotropic_strat1_seed2026_test_eval.json,pgd_eps_1.00
0.1,1.0,1.0,1.0,1.0,1.0,1.0,1.0,alpha_0.100__r_1.00__score_log,2.0,825,825,0.6931471805599453,1.0,log,0.0,/kaggle/working/phase2/conformal/anisotropic_strat1_seed2026_test_eval.json,pgd_eps_1.00
0.2,1.0,0.9381818181818182,1.0,0.927246790299572,1.0,0.32,1.0,alpha_0.200__r_1.00__score_log,1.3042424242424242,825,825,0.04921296833675208,1.0,log,0.6957575757575758,/kaggle/working/phase2/conformal/anisotropic_strat1_seed2026_test_eval.json,pgd_eps_1.00
0.05,,0.9442424242424242,1.0,0.9442424242424242,0.984,0.5466666666666666,,alpha_0.050__r_0.00__score_raw,1.0278787878787878,825,825,0.6839999999999999,0.0,raw,0.9721212121212122,/kaggle/working/phase2/conformal/isotropic_sigma100_seed2026_test_eval.json,clean
0.1,,0.9684848484848485,1.0,0.9684848484848485,0.9933333333333333,0.72,,alpha_0.100__r_0.00__score_raw,1.0763636363636364,825,825,0.11399999999999999,0.0,raw,0.9236363636363636,/kaggle/working/phase2/conformal/isotropic_sigma100_seed2026_test_eval.json,clean
0.2,,0.983030303030303,1.0,0.983030303030303,0.9986666666666667,0.8266666666666667,,alpha_0.200__r_0.00__score_raw,1.2181818181818183,825,825,0.0040000000000000036,0.0,raw,0.7818181818181819,/kaggle/working/phase2/conformal/isotropic_sigma100_seed2026_test_eval.json,clean
0.05,,1.0,1.0,1.0,1.0,1.0,1.0,alpha_0.050__r_0.25__score_raw,2.0,825,825,0.5,0.25,raw,0.0,/kaggle/working/phase2/conformal/isotropic_sigma100_seed2026_test_eval.json,clean
0.1,,0.9684848484848485,1.0,0.9678615574783683,0.9933333333333333,0.72,1.0,alpha_0.100__r_0.25__score_raw,1.0763636363636364,825,825,0.14816511324865478,0.25,raw,0.9236363636363636,/kaggle/working/phase2/conformal/isotropic_sigma100_seed2026_test_eval.json,clean
0.2,,0.983030303030303,1.0,0.9826946847960445,0.9986666666666667,0.8266666666666667,1.0,alpha_0.200__r_0.25__score_raw,1.2181818181818183,825,825,0.014714516065253758,0.25,raw,0.7818181818181819,/kaggle/working/phase2/conformal/isotropic_sigma100_seed2026_test_eval.json,clean
0.05,,1.0,1.0,1.0,1.0,1.0,1.0,alpha_0.050__r_0.50__score_raw,2.0,825,825,0.5,0.5,raw,0.0,/kaggle/working/phase2/conformal/isotropic_sigma100_seed2026_test_eval.json,clean
0.1,,0.9684848484848485,1.0,0.9672544080604534,0.9933333333333333,0.72,1.0,alpha_0.100__r_0.50__score_raw,1.0763636363636364,825,825,0.14816511324865478,0.5,raw,0.9236363636363636,/kaggle/working/phase2/conformal/isotropic_sigma100_seed2026_test_eval.json,clean
0.2,,0.983030303030303,1.0,0.982367758186398,0.9986666666666667,0.8266666666666667,1.0,alpha_0.200__r_0.50__score_raw,1.2181818181818183,825,825,0.014714516065253758,0.5,raw,0.7818181818181819,/kaggle/working/phase2/conformal/isotropic_sigma100_seed2026_test_eval.json,clean
0.05,,1.0,1.0,1.0,1.0,1.0,1.0,alpha_0.050__r_1.00__score_raw,2.0,825,825,0.5,1.0,raw,0.0,/kaggle/working/phase2/conformal/isotropic_sigma100_seed2026_test_eval.json,clean
0.1,,0.9684848484848485,1.0,0.9659685863874345,0.9933333333333333,0.72,1.0,alpha_0.100__r_1.00__score_raw,1.0763636363636364,825,825,0.14816511324865478,1.0,raw,0.9236363636363636,/kaggle/working/phase2/conformal/isotropic_sigma100_seed2026_test_eval.json,clean
0.2,,0.983030303030303,1.0,0.981675392670157,0.9986666666666667,0.8266666666666667,1.0,alpha_0.200__r_1.00__score_raw,1.2181818181818183,825,825,0.014714516065253758,1.0,raw,0.7818181818181819,/kaggle/working/phase2/conformal/isotropic_sigma100_seed2026_test_eval.json,clean
0.05,,0.9442424242424242,1.0,0.9442424242424242,0.984,0.5466666666666666,,alpha_0.050__r_0.00__score_cp,1.0278787878787878,825,825,0.7285705752742562,0.0,cp,0.9721212121212122,/kaggle/working/phase2/conformal/isotropic_sigma100_seed2026_test_eval.json,clean
0.1,,0.9684848484848485,1.0,0.9684848484848485,0.9933333333333333,0.72,,alpha_0.100__r_0.00__score_cp,1.0763636363636364,825,825,0.14816511324865478,0.0,cp,0.9236363636363636,/kaggle/working/phase2/conformal/isotropic_sigma100_seed2026_test_eval.json,clean
0.2,,0.983030303030303,1.0,0.983030303030303,0.9986666666666667,0.8266666666666667,,alpha_0.200__r_0.00__score_cp,1.2181818181818183,825,825,0.014714516065253758,0.0,cp,0.7818181818181819,/kaggle/working/phase2/conformal/isotropic_sigma100_seed2026_test_eval.json,clean
0.05,,1.0,1.0,1.0,1.0,1.0,1.0,alpha_0.050__r_0.25__score_cp,2.0,825,825,0.5,0.25,cp,0.0,/kaggle/working/phase2/conformal/isotropic_sigma100_seed2026_test_eval.json,clean
0.1,,0.9684848484848485,1.0,0.9678615574783683,0.9933333333333333,0.72,1.0,alpha_0.100__r_0.25__score_cp,1.0763636363636364,825,825,0.14816511324865478,0.25,cp,0.9236363636363636,/kaggle/working/phase2/conformal/isotropic_sigma100_seed2026_test_eval.json,clean
0.2,,0.983030303030303,1.0,0.9826946847960445,0.9986666666666667,0.8266666666666667,1.0,alpha_0.200__r_0.25__score_cp,1.2181818181818183,825,825,0.014714516065253758,0.25,cp,0.7818181818181819,/kaggle/working/phase2/conformal/isotropic_sigma100_seed2026_test_eval.json,clean
0.05,,1.0,1.0,1.0,1.0,1.0,1.0,alpha_0.050__r_0.50__score_cp,2.0,825,825,0.5,0.5,cp,0.0,/kaggle/working/phase2/conformal/isotropic_sigma100_seed2026_test_eval.json,clean
0.1,,0.9684848484848485,1.0,0.9672544080604534,0.9933333333333333,0.72,1.0,alpha_0.100__r_0.50__score_cp,1.0763636363636364,825,825,0.14816511324865478,0.5,cp,0.9236363636363636,/kaggle/working/phase2/conformal/isotropic_sigma100_seed2026_test_eval.json,clean
0.2,,0.983030303030303,1.0,0.982367758186398,0.9986666666666667,0.8266666666666667,1.0,alpha_0.200__r_0.50__score_cp,1.2181818181818183,825,825,0.014714516065253758,0.5,cp,0.7818181818181819,/kaggle/working/phase2/conformal/isotropic_sigma100_seed2026_test_eval.json,clean
0.05,,1.0,1.0,1.0,1.0,1.0,1.0,alpha_0.050__r_1.00__score_cp,2.0,825,825,0.5,1.0,cp,0.0,/kaggle/working/phase2/conformal/isotropic_sigma100_seed2026_test_eval.json,clean
0.1,,0.9684848484848485,1.0,0.9659685863874345,0.9933333333333333,0.72,1.0,alpha_0.100__r_1.00__score_cp,1.0763636363636364,825,825,0.14816511324865478,1.0,cp,0.9236363636363636,/kaggle/working/phase2/conformal/isotropic_sigma100_seed2026_test_eval.json,clean
0.2,,0.983030303030303,1.0,0.981675392670157,0.9986666666666667,0.8266666666666667,1.0,alpha_0.200__r_1.00__score_cp,1.2181818181818183,825,825,0.014714516065253758,1.0,cp,0.7818181818181819,/kaggle/working/phase2/conformal/isotropic_sigma100_seed2026_test_eval.json,clean
0.05,,0.9442424242424242,1.0,0.9442424242424242,0.984,0.5466666666666666,,alpha_0.050__r_0.00__score_log,1.0278787878787878,825,825,1.152013065395225,0.0,log,0.9721212121212122,/kaggle/working/phase2/conformal/isotropic_sigma100_seed2026_test_eval.json,clean
0.1,,0.9684848484848485,1.0,0.9684848484848485,0.9933333333333333,0.72,,alpha_0.100__r_0.00__score_log,1.0763636363636364,825,825,0.1210383283770561,0.0,log,0.9236363636363636,/kaggle/working/phase2/conformal/isotropic_sigma100_seed2026_test_eval.json,clean
0.2,,0.983030303030303,1.0,0.983030303030303,0.9986666666666667,0.8266666666666667,,alpha_0.200__r_0.00__score_log,1.2181818181818183,825,825,0.004008021397538822,0.0,log,0.7818181818181819,/kaggle/working/phase2/conformal/isotropic_sigma100_seed2026_test_eval.json,clean
0.05,,1.0,1.0,1.0,1.0,1.0,1.0,alpha_0.050__r_0.25__score_log,2.0,825,825,0.6931471805599453,0.25,log,0.0,/kaggle/working/phase2/conformal/isotropic_sigma100_seed2026_test_eval.json,clean
0.1,,0.9684848484848485,1.0,0.9678615574783683,0.9933333333333333,0.72,1.0,alpha_0.100__r_0.25__score_log,1.0763636363636364,825,825,0.1603625658262653,0.25,log,0.9236363636363636,/kaggle/working/phase2/conformal/isotropic_sigma100_seed2026_test_eval.json,clean
0.2,,0.983030303030303,1.0,0.9826946847960445,0.9986666666666667,0.8266666666666667,1.0,alpha_0.200__r_0.25__score_log,1.2181818181818183,825,825,0.014823848397222594,0.25,log,0.7818181818181819,/kaggle/working/phase2/conformal/isotropic_sigma100_seed2026_test_eval.json,clean
0.05,,1.0,1.0,1.0,1.0,1.0,1.0,alpha_0.050__r_0.50__score_log,2.0,825,825,0.6931471805599453,0.5,log,0.0,/kaggle/working/phase2/conformal/isotropic_sigma100_seed2026_test_eval.json,clean
0.1,,0.9684848484848485,1.0,0.9672544080604534,0.9933333333333333,0.72,1.0,alpha_0.100__r_0.50__score_log,1.0763636363636364,825,825,0.1603625658262653,0.5,log,0.9236363636363636,/kaggle/working/phase2/conformal/isotropic_sigma100_seed2026_test_eval.json,clean
0.2,,0.983030303030303,1.0,0.982367758186398,0.9986666666666667,0.8266666666666667,1.0,alpha_0.200__r_0.50__score_log,1.2181818181818183,825,825,0.014823848397222594,0.5,log,0.7818181818181819,/kaggle/working/phase2/conformal/isotropic_sigma100_seed2026_test_eval.json,clean
0.05,,1.0,1.0,1.0,1.0,1.0,1.0,alpha_0.050__r_1.00__score_log,2.0,825,825,0.6931471805599453,1.0,log,0.0,/kaggle/working/phase2/conformal/isotropic_sigma100_seed2026_test_eval.json,clean
0.1,,0.9684848484848485,1.0,0.9659685863874345,0.9933333333333333,0.72,1.0,alpha_0.100__r_1.00__score_log,1.0763636363636364,825,825,0.1603625658262653,1.0,log,0.9236363636363636,/kaggle/working/phase2/conformal/isotropic_sigma100_seed2026_test_eval.json,clean
0.2,,0.983030303030303,1.0,0.981675392670157,0.9986666666666667,0.8266666666666667,1.0,alpha_0.200__r_1.00__score_log,1.2181818181818183,825,825,0.014823848397222594,1.0,log,0.7818181818181819,/kaggle/working/phase2/conformal/isotropic_sigma100_seed2026_test_eval.json,clean
0.05,0.25,0.9406060606060606,1.0,0.9406060606060606,0.9813333333333333,0.5333333333333333,,alpha_0.050__r_0.00__score_raw,1.0315151515151515,825,825,0.6839999999999999,0.0,raw,0.9684848484848485,/kaggle/working/phase2/conformal/isotropic_sigma100_seed2026_test_eval.json,pgd_eps_0.25
0.1,0.25,0.9624242424242424,1.0,0.9624242424242424,0.992,0.6666666666666666,,alpha_0.100__r_0.00__score_raw,1.0872727272727272,825,825,0.11399999999999999,0.0,raw,0.9127272727272727,/kaggle/working/phase2/conformal/isotropic_sigma100_seed2026_test_eval.json,pgd_eps_0.25
0.2,0.25,0.9793939393939394,1.0,0.9793939393939394,0.9986666666666667,0.7866666666666666,,alpha_0.200__r_0.00__score_raw,1.2327272727272727,825,825,0.0040000000000000036,0.0,raw,0.7672727272727272,/kaggle/working/phase2/conformal/isotropic_sigma100_seed2026_test_eval.json,pgd_eps_0.25
0.05,0.25,1.0,1.0,1.0,1.0,1.0,1.0,alpha_0.050__r_0.25__score_raw,2.0,825,825,0.5,0.25,raw,0.0,/kaggle/working/phase2/conformal/isotropic_sigma100_seed2026_test_eval.json,pgd_eps_0.25
0.1,0.25,0.9624242424242424,1.0,0.9614427860696517,0.992,0.6666666666666666,1.0,alpha_0.100__r_0.25__score_raw,1.0872727272727272,825,825,0.14816511324865478,0.25,raw,0.9127272727272727,/kaggle/working/phase2/conformal/isotropic_sigma100_seed2026_test_eval.json,pgd_eps_0.25
0.2,0.25,0.9793939393939394,1.0,0.9788557213930348,0.9986666666666667,0.7866666666666666,1.0,alpha_0.200__r_0.25__score_raw,1.2327272727272727,825,825,0.014714516065253758,0.25,raw,0.7672727272727272,/kaggle/working/phase2/conformal/isotropic_sigma100_seed2026_test_eval.json,pgd_eps_0.25
0.05,0.25,1.0,1.0,1.0,1.0,1.0,1.0,alpha_0.050__r_0.50__score_raw,2.0,825,825,0.5,0.5,raw,0.0,/kaggle/working/phase2/conformal/isotropic_sigma100_seed2026_test_eval.json,pgd_eps_0.25
0.1,0.25,0.9624242424242424,1.0,0.9609079445145019,0.992,0.6666666666666666,1.0,alpha_0.100__r_0.50__score_raw,1.0872727272727272,825,825,0.14816511324865478,0.5,raw,0.9127272727272727,/kaggle/working/phase2/conformal/isotropic_sigma100_seed2026_test_eval.json,pgd_eps_0.25
0.2,0.25,0.9793939393939394,1.0,0.978562421185372,0.9986666666666667,0.7866666666666666,1.0,alpha_0.200__r_0.50__score_raw,1.2327272727272727,825,825,0.014714516065253758,0.5,raw,0.7672727272727272,/kaggle/working/phase2/conformal/isotropic_sigma100_seed2026_test_eval.json,pgd_eps_0.25
0.05,0.25,1.0,1.0,1.0,1.0,1.0,1.0,alpha_0.050__r_1.00__score_raw,2.0,825,825,0.5,1.0,raw,0.0,/kaggle/working/phase2/conformal/isotropic_sigma100_seed2026_test_eval.json,pgd_eps_0.25
0.1,0.25,0.9624242424242424,1.0,0.958994708994709,0.992,0.6666666666666666,1.0,alpha_0.100__r_1.00__score_raw,1.0872727272727272,825,825,0.14816511324865478,1.0,raw,0.9127272727272727,/kaggle/working/phase2/conformal/isotropic_sigma100_seed2026_test_eval.json,pgd_eps_0.25
0.2,0.25,0.9793939393939394,1.0,0.9775132275132276,0.9986666666666667,0.7866666666666666,1.0,alpha_0.200__r_1.00__score_raw,1.2327272727272727,825,825,0.014714516065253758,1.0,raw,0.7672727272727272,/kaggle/working/phase2/conformal/isotropic_sigma100_seed2026_test_eval.json,pgd_eps_0.25
0.05,0.25,0.9406060606060606,1.0,0.9406060606060606,0.9813333333333333,0.5333333333333333,,alpha_0.050__r_0.00__score_cp,1.0315151515151515,825,825,0.7285705752742562,0.0,cp,0.9684848484848485,/kaggle/working/phase2/conformal/isotropic_sigma100_seed2026_test_eval.json,pgd_eps_0.25
0.1,0.25,0.9624242424242424,1.0,0.9624242424242424,0.992,0.6666666666666666,,alpha_0.100__r_0.00__score_cp,1.0872727272727272,825,825,0.14816511324865478,0.0,cp,0.9127272727272727,/kaggle/working/phase2/conformal/isotropic_sigma100_seed2026_test_eval.json,pgd_eps_0.25
0.2,0.25,0.9793939393939394,1.0,0.9793939393939394,0.9986666666666667,0.7866666666666666,,alpha_0.200__r_0.00__score_cp,1.2327272727272727,825,825,0.014714516065253758,0.0,cp,0.7672727272727272,/kaggle/working/phase2/conformal/isotropic_sigma100_seed2026_test_eval.json,pgd_eps_0.25
0.05,0.25,1.0,1.0,1.0,1.0,1.0,1.0,alpha_0.050__r_0.25__score_cp,2.0,825,825,0.5,0.25,cp,0.0,/kaggle/working/phase2/conformal/isotropic_sigma100_seed2026_test_eval.json,pgd_eps_0.25
0.1,0.25,0.9624242424242424,1.0,0.9614427860696517,0.992,0.6666666666666666,1.0,alpha_0.100__r_0.25__score_cp,1.0872727272727272,825,825,0.14816511324865478,0.25,cp,0.9127272727272727,/kaggle/working/phase2/conformal/isotropic_sigma100_seed2026_test_eval.json,pgd_eps_0.25
0.2,0.25,0.9793939393939394,1.0,0.9788557213930348,0.9986666666666667,0.7866666666666666,1.0,alpha_0.200__r_0.25__score_cp,1.2327272727272727,825,825,0.014714516065253758,0.25,cp,0.7672727272727272,/kaggle/working/phase2/conformal/isotropic_sigma100_seed2026_test_eval.json,pgd_eps_0.25
0.05,0.25,1.0,1.0,1.0,1.0,1.0,1.0,alpha_0.050__r_0.50__score_cp,2.0,825,825,0.5,0.5,cp,0.0,/kaggle/working/phase2/conformal/isotropic_sigma100_seed2026_test_eval.json,pgd_eps_0.25
0.1,0.25,0.9624242424242424,1.0,0.9609079445145019,0.992,0.6666666666666666,1.0,alpha_0.100__r_0.50__score_cp,1.0872727272727272,825,825,0.14816511324865478,0.5,cp,0.9127272727272727,/kaggle/working/phase2/conformal/isotropic_sigma100_seed2026_test_eval.json,pgd_eps_0.25
0.2,0.25,0.9793939393939394,1.0,0.978562421185372,0.9986666666666667,0.7866666666666666,1.0,alpha_0.200__r_0.50__score_cp,1.2327272727272727,825,825,0.014714516065253758,0.5,cp,0.7672727272727272,/kaggle/working/phase2/conformal/isotropic_sigma100_seed2026_test_eval.json,pgd_eps_0.25
0.05,0.25,1.0,1.0,1.0,1.0,1.0,1.0,alpha_0.050__r_1.00__score_cp,2.0,825,825,0.5,1.0,cp,0.0,/kaggle/working/phase2/conformal/isotropic_sigma100_seed2026_test_eval.json,pgd_eps_0.25
0.1,0.25,0.9624242424242424,1.0,0.958994708994709,0.992,0.6666666666666666,1.0,alpha_0.100__r_1.00__score_cp,1.0872727272727272,825,825,0.14816511324865478,1.0,cp,0.9127272727272727,/kaggle/working/phase2/conformal/isotropic_sigma100_seed2026_test_eval.json,pgd_eps_0.25
0.2,0.25,0.9793939393939394,1.0,0.9775132275132276,0.9986666666666667,0.7866666666666666,1.0,alpha_0.200__r_1.00__score_cp,1.2327272727272727,825,825,0.014714516065253758,1.0,cp,0.7672727272727272,/kaggle/working/phase2/conformal/isotropic_sigma100_seed2026_test_eval.json,pgd_eps_0.25
0.05,0.25,0.9406060606060606,1.0,0.9406060606060606,0.9813333333333333,0.5333333333333333,,alpha_0.050__r_0.00__score_log,1.0315151515151515,825,825,1.152013065395225,0.0,log,0.9684848484848485,/kaggle/working/phase2/conformal/isotropic_sigma100_seed2026_test_eval.json,pgd_eps_0.25
0.1,0.25,0.9624242424242424,1.0,0.9624242424242424,0.992,0.6666666666666666,,alpha_0.100__r_0.00__score_log,1.0872727272727272,825,825,0.1210383283770561,0.0,log,0.9127272727272727,/kaggle/working/phase2/conformal/isotropic_sigma100_seed2026_test_eval.json,pgd_eps_0.25
0.2,0.25,0.9793939393939394,1.0,0.9793939393939394,0.9986666666666667,0.7866666666666666,,alpha_0.200__r_0.00__score_log,1.2327272727272727,825,825,0.004008021397538822,0.0,log,0.7672727272727272,/kaggle/working/phase2/conformal/isotropic_sigma100_seed2026_test_eval.json,pgd_eps_0.25
0.05,0.25,1.0,1.0,1.0,1.0,1.0,1.0,alpha_0.050__r_0.25__score_log,2.0,825,825,0.6931471805599453,0.25,log,0.0,/kaggle/working/phase2/conformal/isotropic_sigma100_seed2026_test_eval.json,pgd_eps_0.25
0.1,0.25,0.9624242424242424,1.0,0.9614427860696517,0.992,0.6666666666666666,1.0,alpha_0.100__r_0.25__score_log,1.0872727272727272,825,825,0.1603625658262653,0.25,log,0.9127272727272727,/kaggle/working/phase2/conformal/isotropic_sigma100_seed2026_test_eval.json,pgd_eps_0.25
0.2,0.25,0.9793939393939394,1.0,0.9788557213930348,0.9986666666666667,0.7866666666666666,1.0,alpha_0.200__r_0.25__score_log,1.2327272727272727,825,825,0.014823848397222594,0.25,log,0.7672727272727272,/kaggle/working/phase2/conformal/isotropic_sigma100_seed2026_test_eval.json,pgd_eps_0.25
0.05,0.25,1.0,1.0,1.0,1.0,1.0,1.0,alpha_0.050__r_0.50__score_log,2.0,825,825,0.6931471805599453,0.5,log,0.0,/kaggle/working/phase2/conformal/isotropic_sigma100_seed2026_test_eval.json,pgd_eps_0.25
0.1,0.25,0.9624242424242424,1.0,0.9609079445145019,0.992,0.6666666666666666,1.0,alpha_0.100__r_0.50__score_log,1.0872727272727272,825,825,0.1603625658262653,0.5,log,0.9127272727272727,/kaggle/working/phase2/conformal/isotropic_sigma100_seed2026_test_eval.json,pgd_eps_0.25
0.2,0.25,0.9793939393939394,1.0,0.978562421185372,0.9986666666666667,0.7866666666666666,1.0,alpha_0.200__r_0.50__score_log,1.2327272727272727,825,825,0.014823848397222594,0.5,log,0.7672727272727272,/kaggle/working/phase2/conformal/isotropic_sigma100_seed2026_test_eval.json,pgd_eps_0.25
0.05,0.25,1.0,1.0,1.0,1.0,1.0,1.0,alpha_0.050__r_1.00__score_log,2.0,825,825,0.6931471805599453,1.0,log,0.0,/kaggle/working/phase2/conformal/isotropic_sigma100_seed2026_test_eval.json,pgd_eps_0.25
0.1,0.25,0.9624242424242424,1.0,0.958994708994709,0.992,0.6666666666666666,1.0,alpha_0.100__r_1.00__score_log,1.0872727272727272,825,825,0.1603625658262653,1.0,log,0.9127272727272727,/kaggle/working/phase2/conformal/isotropic_sigma100_seed2026_test_eval.json,pgd_eps_0.25
0.2,0.25,0.9793939393939394,1.0,0.9775132275132276,0.9986666666666667,0.7866666666666666,1.0,alpha_0.200__r_1.00__score_log,1.2327272727272727,825,825,0.014823848397222594,1.0,log,0.7672727272727272,/kaggle/working/phase2/conformal/isotropic_sigma100_seed2026_test_eval.json,pgd_eps_0.25
0.05,0.5,0.9357575757575758,1.0,0.9357575757575758,0.9786666666666667,0.5066666666666667,,alpha_0.050__r_0.00__score_raw,1.0315151515151515,825,825,0.6839999999999999,0.0,raw,0.9684848484848485,/kaggle/working/phase2/conformal/isotropic_sigma100_seed2026_test_eval.json,pgd_eps_0.50
0.1,0.5,0.9527272727272728,1.0,0.9527272727272728,0.9893333333333333,0.5866666666666667,,alpha_0.100__r_0.00__score_raw,1.0884848484848484,825,825,0.11399999999999999,0.0,raw,0.9115151515151515,/kaggle/working/phase2/conformal/isotropic_sigma100_seed2026_test_eval.json,pgd_eps_0.50
0.2,0.5,0.9806060606060606,1.0,0.9806060606060606,0.9986666666666667,0.8,,alpha_0.200__r_0.00__score_raw,1.2545454545454546,825,825,0.0040000000000000036,0.0,raw,0.7454545454545455,/kaggle/working/phase2/conformal/isotropic_sigma100_seed2026_test_eval.json,pgd_eps_0.50
0.05,0.5,1.0,1.0,1.0,1.0,1.0,1.0,alpha_0.050__r_0.25__score_raw,2.0,825,825,0.5,0.25,raw,0.0,/kaggle/working/phase2/conformal/isotropic_sigma100_seed2026_test_eval.json,pgd_eps_0.50
0.1,0.5,0.9527272727272728,1.0,0.9514321295143213,0.9893333333333333,0.5866666666666667,1.0,alpha_0.100__r_0.25__score_raw,1.0884848484848484,825,825,0.14816511324865478,0.25,raw,0.9115151515151515,/kaggle/working/phase2/conformal/isotropic_sigma100_seed2026_test_eval.json,pgd_eps_0.50
0.2,0.5,0.9806060606060606,1.0,0.9800747198007472,0.9986666666666667,0.8,1.0,alpha_0.200__r_0.25__score_raw,1.2545454545454546,825,825,0.014714516065253758,0.25,raw,0.7454545454545455,/kaggle/working/phase2/conformal/isotropic_sigma100_seed2026_test_eval.json,pgd_eps_0.50
0.05,0.5,1.0,1.0,1.0,1.0,1.0,1.0,alpha_0.050__r_0.50__score_raw,2.0,825,825,0.5,0.5,raw,0.0,/kaggle/working/phase2/conformal/isotropic_sigma100_seed2026_test_eval.json,pgd_eps_0.50
0.1,0.5,0.9527272727272728,1.0,0.9505703422053232,0.9893333333333333,0.5866666666666667,1.0,alpha_0.100__r_0.50__score_raw,1.0884848484848484,825,825,0.14816511324865478,0.5,raw,0.9115151515151515,/kaggle/working/phase2/conformal/isotropic_sigma100_seed2026_test_eval.json,pgd_eps_0.50
0.2,0.5,0.9806060606060606,1.0,0.9797211660329531,0.9986666666666667,0.8,1.0,alpha_0.200__r_0.50__score_raw,1.2545454545454546,825,825,0.014714516065253758,0.5,raw,0.7454545454545455,/kaggle/working/phase2/conformal/isotropic_sigma100_seed2026_test_eval.json,pgd_eps_0.50
0.05,0.5,1.0,1.0,1.0,1.0,1.0,1.0,alpha_0.050__r_1.00__score_raw,2.0,825,825,0.5,1.0,raw,0.0,/kaggle/working/phase2/conformal/isotropic_sigma100_seed2026_test_eval.json,pgd_eps_0.50
0.1,0.5,0.9527272727272728,1.0,0.9482758620689655,0.9893333333333333,0.5866666666666667,1.0,alpha_0.100__r_1.00__score_raw,1.0884848484848484,825,825,0.14816511324865478,1.0,raw,0.9115151515151515,/kaggle/working/phase2/conformal/isotropic_sigma100_seed2026_test_eval.json,pgd_eps_0.50
0.2,0.5,0.9806060606060606,1.0,0.9787798408488063,0.9986666666666667,0.8,1.0,alpha_0.200__r_1.00__score_raw,1.2545454545454546,825,825,0.014714516065253758,1.0,raw,0.7454545454545455,/kaggle/working/phase2/conformal/isotropic_sigma100_seed2026_test_eval.json,pgd_eps_0.50
0.05,0.5,0.9357575757575758,1.0,0.9357575757575758,0.9786666666666667,0.5066666666666667,,alpha_0.050__r_0.00__score_cp,1.0315151515151515,825,825,0.7285705752742562,0.0,cp,0.9684848484848485,/kaggle/working/phase2/conformal/isotropic_sigma100_seed2026_test_eval.json,pgd_eps_0.50
0.1,0.5,0.9527272727272728,1.0,0.9527272727272728,0.9893333333333333,0.5866666666666667,,alpha_0.100__r_0.00__score_cp,1.0884848484848484,825,825,0.14816511324865478,0.0,cp,0.9115151515151515,/kaggle/working/phase2/conformal/isotropic_sigma100_seed2026_test_eval.json,pgd_eps_0.50
0.2,0.5,0.9806060606060606,1.0,0.9806060606060606,0.9986666666666667,0.8,,alpha_0.200__r_0.00__score_cp,1.2545454545454546,825,825,0.014714516065253758,0.0,cp,0.7454545454545455,/kaggle/working/phase2/conformal/isotropic_sigma100_seed2026_test_eval.json,pgd_eps_0.50
0.05,0.5,1.0,1.0,1.0,1.0,1.0,1.0,alpha_0.050__r_0.25__score_cp,2.0,825,825,0.5,0.25,cp,0.0,/kaggle/working/phase2/conformal/isotropic_sigma100_seed2026_test_eval.json,pgd_eps_0.50
0.1,0.5,0.9527272727272728,1.0,0.9514321295143213,0.9893333333333333,0.5866666666666667,1.0,alpha_0.100__r_0.25__score_cp,1.0884848484848484,825,825,0.14816511324865478,0.25,cp,0.9115151515151515,/kaggle/working/phase2/conformal/isotropic_sigma100_seed2026_test_eval.json,pgd_eps_0.50
0.2,0.5,0.9806060606060606,1.0,0.9800747198007472,0.9986666666666667,0.8,1.0,alpha_0.200__r_0.25__score_cp,1.2545454545454546,825,825,0.014714516065253758,0.25,cp,0.7454545454545455,/kaggle/working/phase2/conformal/isotropic_sigma100_seed2026_test_eval.json,pgd_eps_0.50
0.05,0.5,1.0,1.0,1.0,1.0,1.0,1.0,alpha_0.050__r_0.50__score_cp,2.0,825,825,0.5,0.5,cp,0.0,/kaggle/working/phase2/conformal/isotropic_sigma100_seed2026_test_eval.json,pgd_eps_0.50
0.1,0.5,0.9527272727272728,1.0,0.9505703422053232,0.9893333333333333,0.5866666666666667,1.0,alpha_0.100__r_0.50__score_cp,1.0884848484848484,825,825,0.14816511324865478,0.5,cp,0.9115151515151515,/kaggle/working/phase2/conformal/isotropic_sigma100_seed2026_test_eval.json,pgd_eps_0.50
0.2,0.5,0.9806060606060606,1.0,0.9797211660329531,0.9986666666666667,0.8,1.0,alpha_0.200__r_0.50__score_cp,1.2545454545454546,825,825,0.014714516065253758,0.5,cp,0.7454545454545455,/kaggle/working/phase2/conformal/isotropic_sigma100_seed2026_test_eval.json,pgd_eps_0.50
0.05,0.5,1.0,1.0,1.0,1.0,1.0,1.0,alpha_0.050__r_1.00__score_cp,2.0,825,825,0.5,1.0,cp,0.0,/kaggle/working/phase2/conformal/isotropic_sigma100_seed2026_test_eval.json,pgd_eps_0.50
0.1,0.5,0.9527272727272728,1.0,0.9482758620689655,0.9893333333333333,0.5866666666666667,1.0,alpha_0.100__r_1.00__score_cp,1.0884848484848484,825,825,0.14816511324865478,1.0,cp,0.9115151515151515,/kaggle/working/phase2/conformal/isotropic_sigma100_seed2026_test_eval.json,pgd_eps_0.50
0.2,0.5,0.9806060606060606,1.0,0.9787798408488063,0.9986666666666667,0.8,1.0,alpha_0.200__r_1.00__score_cp,1.2545454545454546,825,825,0.014714516065253758,1.0,cp,0.7454545454545455,/kaggle/working/phase2/conformal/isotropic_sigma100_seed2026_test_eval.json,pgd_eps_0.50
0.05,0.5,0.9357575757575758,1.0,0.9357575757575758,0.9786666666666667,0.5066666666666667,,alpha_0.050__r_0.00__score_log,1.0315151515151515,825,825,1.152013065395225,0.0,log,0.9684848484848485,/kaggle/working/phase2/conformal/isotropic_sigma100_seed2026_test_eval.json,pgd_eps_0.50
0.1,0.5,0.9527272727272728,1.0,0.9527272727272728,0.9893333333333333,0.5866666666666667,,alpha_0.100__r_0.00__score_log,1.0884848484848484,825,825,0.1210383283770561,0.0,log,0.9115151515151515,/kaggle/working/phase2/conformal/isotropic_sigma100_seed2026_test_eval.json,pgd_eps_0.50
0.2,0.5,0.9806060606060606,1.0,0.9806060606060606,0.9986666666666667,0.8,,alpha_0.200__r_0.00__score_log,1.2545454545454546,825,825,0.004008021397538822,0.0,log,0.7454545454545455,/kaggle/working/phase2/conformal/isotropic_sigma100_seed2026_test_eval.json,pgd_eps_0.50
0.05,0.5,1.0,1.0,1.0,1.0,1.0,1.0,alpha_0.050__r_0.25__score_log,2.0,825,825,0.6931471805599453,0.25,log,0.0,/kaggle/working/phase2/conformal/isotropic_sigma100_seed2026_test_eval.json,pgd_eps_0.50
0.1,0.5,0.9527272727272728,1.0,0.9514321295143213,0.9893333333333333,0.5866666666666667,1.0,alpha_0.100__r_0.25__score_log,1.0884848484848484,825,825,0.1603625658262653,0.25,log,0.9115151515151515,/kaggle/working/phase2/conformal/isotropic_sigma100_seed2026_test_eval.json,pgd_eps_0.50
0.2,0.5,0.9806060606060606,1.0,0.9800747198007472,0.9986666666666667,0.8,1.0,alpha_0.200__r_0.25__score_log,1.2545454545454546,825,825,0.014823848397222594,0.25,log,0.7454545454545455,/kaggle/working/phase2/conformal/isotropic_sigma100_seed2026_test_eval.json,pgd_eps_0.50
0.05,0.5,1.0,1.0,1.0,1.0,1.0,1.0,alpha_0.050__r_0.50__score_log,2.0,825,825,0.6931471805599453,0.5,log,0.0,/kaggle/working/phase2/conformal/isotropic_sigma100_seed2026_test_eval.json,pgd_eps_0.50
0.1,0.5,0.9527272727272728,1.0,0.9505703422053232,0.9893333333333333,0.5866666666666667,1.0,alpha_0.100__r_0.50__score_log,1.0884848484848484,825,825,0.1603625658262653,0.5,log,0.9115151515151515,/kaggle/working/phase2/conformal/isotropic_sigma100_seed2026_test_eval.json,pgd_eps_0.50
0.2,0.5,0.9806060606060606,1.0,0.9797211660329531,0.9986666666666667,0.8,1.0,alpha_0.200__r_0.50__score_log,1.2545454545454546,825,825,0.014823848397222594,0.5,log,0.7454545454545455,/kaggle/working/phase2/conformal/isotropic_sigma100_seed2026_test_eval.json,pgd_eps_0.50
0.05,0.5,1.0,1.0,1.0,1.0,1.0,1.0,alpha_0.050__r_1.00__score_log,2.0,825,825,0.6931471805599453,1.0,log,0.0,/kaggle/working/phase2/conformal/isotropic_sigma100_seed2026_test_eval.json,pgd_eps_0.50
0.1,0.5,0.9527272727272728,1.0,0.9482758620689655,0.9893333333333333,0.5866666666666667,1.0,alpha_0.100__r_1.00__score_log,1.0884848484848484,825,825,0.1603625658262653,1.0,log,0.9115151515151515,/kaggle/working/phase2/conformal/isotropic_sigma100_seed2026_test_eval.json,pgd_eps_0.50
0.2,0.5,0.9806060606060606,1.0,0.9787798408488063,0.9986666666666667,0.8,1.0,alpha_0.200__r_1.00__score_log,1.2545454545454546,825,825,0.014823848397222594,1.0,log,0.7454545454545455,/kaggle/working/phase2/conformal/isotropic_sigma100_seed2026_test_eval.json,pgd_eps_0.50
0.05,1.0,0.92,1.0,0.92,0.9666666666666667,0.4533333333333333,,alpha_0.050__r_0.00__score_raw,1.0412121212121213,825,825,0.6839999999999999,0.0,raw,0.9587878787878787,/kaggle/working/phase2/conformal/isotropic_sigma100_seed2026_test_eval.json,pgd_eps_1.00
0.1,1.0,0.9466666666666667,1.0,0.9466666666666667,0.9866666666666667,0.5466666666666666,,alpha_0.100__r_0.00__score_raw,1.1175757575757577,825,825,0.11399999999999999,0.0,raw,0.8824242424242424,/kaggle/working/phase2/conformal/isotropic_sigma100_seed2026_test_eval.json,pgd_eps_1.00
0.2,1.0,0.9769696969696969,1.0,0.9769696969696969,0.9973333333333333,0.7733333333333333,,alpha_0.200__r_0.00__score_raw,1.2763636363636364,825,825,0.0040000000000000036,0.0,raw,0.7236363636363636,/kaggle/working/phase2/conformal/isotropic_sigma100_seed2026_test_eval.json,pgd_eps_1.00
0.05,1.0,1.0,1.0,1.0,1.0,1.0,1.0,alpha_0.050__r_0.25__score_raw,2.0,825,825,0.5,0.25,raw,0.0,/kaggle/working/phase2/conformal/isotropic_sigma100_seed2026_test_eval.json,pgd_eps_1.00
0.1,1.0,0.9466666666666667,1.0,0.945,0.9866666666666667,0.5466666666666666,1.0,alpha_0.100__r_0.25__score_raw,1.1175757575757577,825,825,0.14816511324865478,0.25,raw,0.8824242424242424,/kaggle/working/phase2/conformal/isotropic_sigma100_seed2026_test_eval.json,pgd_eps_1.00
0.2,1.0,0.9769696969696969,1.0,0.97625,0.9973333333333333,0.7733333333333333,1.0,alpha_0.200__r_0.25__score_raw,1.2763636363636364,825,825,0.014714516065253758,0.25,raw,0.7236363636363636,/kaggle/working/phase2/conformal/isotropic_sigma100_seed2026_test_eval.json,pgd_eps_1.00
0.05,1.0,1.0,1.0,1.0,1.0,1.0,1.0,alpha_0.050__r_0.50__score_raw,2.0,825,825,0.5,0.5,raw,0.0,/kaggle/working/phase2/conformal/isotropic_sigma100_seed2026_test_eval.json,pgd_eps_1.00
0.1,1.0,0.9466666666666667,1.0,0.9434447300771208,0.9866666666666667,0.5466666666666666,1.0,alpha_0.100__r_0.50__score_raw,1.1175757575757577,825,825,0.14816511324865478,0.5,raw,0.8824242424242424,/kaggle/working/phase2/conformal/isotropic_sigma100_seed2026_test_eval.json,pgd_eps_1.00
0.2,1.0,0.9769696969696969,1.0,0.9755784061696658,0.9973333333333333,0.7733333333333333,1.0,alpha_0.200__r_0.50__score_raw,1.2763636363636364,825,825,0.014714516065253758,0.5,raw,0.7236363636363636,/kaggle/working/phase2/conformal/isotropic_sigma100_seed2026_test_eval.json,pgd_eps_1.00
0.05,1.0,1.0,1.0,1.0,1.0,1.0,1.0,alpha_0.050__r_1.00__score_raw,2.0,825,825,0.5,1.0,raw,0.0,/kaggle/working/phase2/conformal/isotropic_sigma100_seed2026_test_eval.json,pgd_eps_1.00
0.1,1.0,0.9466666666666667,1.0,0.9398907103825137,0.9866666666666667,0.5466666666666666,1.0,alpha_0.100__r_1.00__score_raw,1.1175757575757577,825,825,0.14816511324865478,1.0,raw,0.8824242424242424,/kaggle/working/phase2/conformal/isotropic_sigma100_seed2026_test_eval.json,pgd_eps_1.00
0.2,1.0,0.9769696969696969,1.0,0.9740437158469946,0.9973333333333333,0.7733333333333333,1.0,alpha_0.200__r_1.00__score_raw,1.2763636363636364,825,825,0.014714516065253758,1.0,raw,0.7236363636363636,/kaggle/working/phase2/conformal/isotropic_sigma100_seed2026_test_eval.json,pgd_eps_1.00
0.05,1.0,0.92,1.0,0.92,0.9666666666666667,0.4533333333333333,,alpha_0.050__r_0.00__score_cp,1.0412121212121213,825,825,0.7285705752742562,0.0,cp,0.9587878787878787,/kaggle/working/phase2/conformal/isotropic_sigma100_seed2026_test_eval.json,pgd_eps_1.00
0.1,1.0,0.9466666666666667,1.0,0.9466666666666667,0.9866666666666667,0.5466666666666666,,alpha_0.100__r_0.00__score_cp,1.1175757575757577,825,825,0.14816511324865478,0.0,cp,0.8824242424242424,/kaggle/working/phase2/conformal/isotropic_sigma100_seed2026_test_eval.json,pgd_eps_1.00
0.2,1.0,0.9769696969696969,1.0,0.9769696969696969,0.9973333333333333,0.7733333333333333,,alpha_0.200__r_0.00__score_cp,1.2763636363636364,825,825,0.014714516065253758,0.0,cp,0.7236363636363636,/kaggle/working/phase2/conformal/isotropic_sigma100_seed2026_test_eval.json,pgd_eps_1.00
0.05,1.0,1.0,1.0,1.0,1.0,1.0,1.0,alpha_0.050__r_0.25__score_cp,2.0,825,825,0.5,0.25,cp,0.0,/kaggle/working/phase2/conformal/isotropic_sigma100_seed2026_test_eval.json,pgd_eps_1.00
0.1,1.0,0.9466666666666667,1.0,0.945,0.9866666666666667,0.5466666666666666,1.0,alpha_0.100__r_0.25__score_cp,1.1175757575757577,825,825,0.14816511324865478,0.25,cp,0.8824242424242424,/kaggle/working/phase2/conformal/isotropic_sigma100_seed2026_test_eval.json,pgd_eps_1.00
0.2,1.0,0.9769696969696969,1.0,0.97625,0.9973333333333333,0.7733333333333333,1.0,alpha_0.200__r_0.25__score_cp,1.2763636363636364,825,825,0.014714516065253758,0.25,cp,0.7236363636363636,/kaggle/working/phase2/conformal/isotropic_sigma100_seed2026_test_eval.json,pgd_eps_1.00
0.05,1.0,1.0,1.0,1.0,1.0,1.0,1.0,alpha_0.050__r_0.50__score_cp,2.0,825,825,0.5,0.5,cp,0.0,/kaggle/working/phase2/conformal/isotropic_sigma100_seed2026_test_eval.json,pgd_eps_1.00
0.1,1.0,0.9466666666666667,1.0,0.9434447300771208,0.9866666666666667,0.5466666666666666,1.0,alpha_0.100__r_0.50__score_cp,1.1175757575757577,825,825,0.14816511324865478,0.5,cp,0.8824242424242424,/kaggle/working/phase2/conformal/isotropic_sigma100_seed2026_test_eval.json,pgd_eps_1.00
0.2,1.0,0.9769696969696969,1.0,0.9755784061696658,0.9973333333333333,0.7733333333333333,1.0,alpha_0.200__r_0.50__score_cp,1.2763636363636364,825,825,0.014714516065253758,0.5,cp,0.7236363636363636,/kaggle/working/phase2/conformal/isotropic_sigma100_seed2026_test_eval.json,pgd_eps_1.00
0.05,1.0,1.0,1.0,1.0,1.0,1.0,1.0,alpha_0.050__r_1.00__score_cp,2.0,825,825,0.5,1.0,cp,0.0,/kaggle/working/phase2/conformal/isotropic_sigma100_seed2026_test_eval.json,pgd_eps_1.00
0.1,1.0,0.9466666666666667,1.0,0.9398907103825137,0.9866666666666667,0.5466666666666666,1.0,alpha_0.100__r_1.00__score_cp,1.1175757575757577,825,825,0.14816511324865478,1.0,cp,0.8824242424242424,/kaggle/working/phase2/conformal/isotropic_sigma100_seed2026_test_eval.json,pgd_eps_1.00
0.2,1.0,0.9769696969696969,1.0,0.9740437158469946,0.9973333333333333,0.7733333333333333,1.0,alpha_0.200__r_1.00__score_cp,1.2763636363636364,825,825,0.014714516065253758,1.0,cp,0.7236363636363636,/kaggle/working/phase2/conformal/isotropic_sigma100_seed2026_test_eval.json,pgd_eps_1.00
0.05,1.0,0.92,1.0,0.92,0.9666666666666667,0.4533333333333333,,alpha_0.050__r_0.00__score_log,1.0412121212121213,825,825,1.152013065395225,0.0,log,0.9587878787878787,/kaggle/working/phase2/conformal/isotropic_sigma100_seed2026_test_eval.json,pgd_eps_1.00
0.1,1.0,0.9466666666666667,1.0,0.9466666666666667,0.9866666666666667,0.5466666666666666,,alpha_0.100__r_0.00__score_log,1.1175757575757577,825,825,0.1210383283770561,0.0,log,0.8824242424242424,/kaggle/working/phase2/conformal/isotropic_sigma100_seed2026_test_eval.json,pgd_eps_1.00
0.2,1.0,0.9769696969696969,1.0,0.9769696969696969,0.9973333333333333,0.7733333333333333,,alpha_0.200__r_0.00__score_log,1.2763636363636364,825,825,0.004008021397538822,0.0,log,0.7236363636363636,/kaggle/working/phase2/conformal/isotropic_sigma100_seed2026_test_eval.json,pgd_eps_1.00
0.05,1.0,1.0,1.0,1.0,1.0,1.0,1.0,alpha_0.050__r_0.25__score_log,2.0,825,825,0.6931471805599453,0.25,log,0.0,/kaggle/working/phase2/conformal/isotropic_sigma100_seed2026_test_eval.json,pgd_eps_1.00
0.1,1.0,0.9466666666666667,1.0,0.945,0.9866666666666667,0.5466666666666666,1.0,alpha_0.100__r_0.25__score_log,1.1175757575757577,825,825,0.1603625658262653,0.25,log,0.8824242424242424,/kaggle/working/phase2/conformal/isotropic_sigma100_seed2026_test_eval.json,pgd_eps_1.00
0.2,1.0,0.9769696969696969,1.0,0.97625,0.9973333333333333,0.7733333333333333,1.0,alpha_0.200__r_0.25__score_log,1.2763636363636364,825,825,0.014823848397222594,0.25,log,0.7236363636363636,/kaggle/working/phase2/conformal/isotropic_sigma100_seed2026_test_eval.json,pgd_eps_1.00
0.05,1.0,1.0,1.0,1.0,1.0,1.0,1.0,alpha_0.050__r_0.50__score_log,2.0,825,825,0.6931471805599453,0.5,log,0.0,/kaggle/working/phase2/conformal/isotropic_sigma100_seed2026_test_eval.json,pgd_eps_1.00
0.1,1.0,0.9466666666666667,1.0,0.9434447300771208,0.9866666666666667,0.5466666666666666,1.0,alpha_0.100__r_0.50__score_log,1.1175757575757577,825,825,0.1603625658262653,0.5,log,0.8824242424242424,/kaggle/working/phase2/conformal/isotropic_sigma100_seed2026_test_eval.json,pgd_eps_1.00
0.2,1.0,0.9769696969696969,1.0,0.9755784061696658,0.9973333333333333,0.7733333333333333,1.0,alpha_0.200__r_0.50__score_log,1.2763636363636364,825,825,0.014823848397222594,0.5,log,0.7236363636363636,/kaggle/working/phase2/conformal/isotropic_sigma100_seed2026_test_eval.json,pgd_eps_1.00
0.05,1.0,1.0,1.0,1.0,1.0,1.0,1.0,alpha_0.050__r_1.00__score_log,2.0,825,825,0.6931471805599453,1.0,log,0.0,/kaggle/working/phase2/conformal/isotropic_sigma100_seed2026_test_eval.json,pgd_eps_1.00
0.1,1.0,0.9466666666666667,1.0,0.9398907103825137,0.9866666666666667,0.5466666666666666,1.0,alpha_0.100__r_1.00__score_log,1.1175757575757577,825,825,0.1603625658262653,1.0,log,0.8824242424242424,/kaggle/working/phase2/conformal/isotropic_sigma100_seed2026_test_eval.json,pgd_eps_1.00
0.2,1.0,0.9769696969696969,1.0,0.9740437158469946,0.9973333333333333,0.7733333333333333,1.0,alpha_0.200__r_1.00__score_log,1.2763636363636364,825,825,0.014823848397222594,1.0,log,0.7236363636363636,/kaggle/working/phase2/conformal/isotropic_sigma100_seed2026_test_eval.json,pgd_eps_1.00
